"YearMonth","GEO","Products and product groups","VALUE","Y_o_Y_inf"
"2000-01","Canada","Food purchased from stores",91.7,NA
"2000-01","Canada","Shelter",93.7,NA
"2000-01","Canada","Energy",91.5,NA
"2000-01","Canada","Goods excluding food purchased from stores and energy",95.9,NA
"2000-01","Canada","Services excluding shelter services",91.9,NA
"2000-02","Canada","Food purchased from stores",91.4,-0.33
"2000-02","Canada","Shelter",94.4,0.75
"2000-02","Canada","Energy",94.2,2.95
"2000-02","Canada","Goods excluding food purchased from stores and energy",96.5,0.63
"2000-02","Canada","Services excluding shelter services",92.4,0.54
"2000-03","Canada","Food purchased from stores",91.9,0.55
"2000-03","Canada","Shelter",94.5,0.11
"2000-03","Canada","Energy",97.9,3.93
"2000-03","Canada","Goods excluding food purchased from stores and energy",96.9,0.41
"2000-03","Canada","Services excluding shelter services",92.7,0.32
"2000-04","Canada","Food purchased from stores",92.1,0.22
"2000-04","Canada","Shelter",94.5,0
"2000-04","Canada","Energy",94.3,-3.68
"2000-04","Canada","Goods excluding food purchased from stores and energy",96.3,-0.62
"2000-04","Canada","Services excluding shelter services",93,0.32
"2000-05","Canada","Food purchased from stores",93,0.98
"2000-05","Canada","Shelter",94.7,0.21
"2000-05","Canada","Energy",95.4,1.17
"2000-05","Canada","Goods excluding food purchased from stores and energy",96.4,0.1
"2000-05","Canada","Services excluding shelter services",93.7,0.75
"2000-06","Canada","Food purchased from stores",93.8,0.86
"2000-06","Canada","Shelter",95,0.32
"2000-06","Canada","Energy",99.1,3.88
"2000-06","Canada","Goods excluding food purchased from stores and energy",96.3,-0.1
"2000-06","Canada","Services excluding shelter services",94.2,0.53
"2000-07","Canada","Food purchased from stores",94.4,0.64
"2000-07","Canada","Shelter",95.5,0.53
"2000-07","Canada","Energy",99.9,0.81
"2000-07","Canada","Goods excluding food purchased from stores and energy",95.9,-0.42
"2000-07","Canada","Services excluding shelter services",94.9,0.74
"2000-08","Canada","Food purchased from stores",93.9,-0.53
"2000-08","Canada","Shelter",95.7,0.21
"2000-08","Canada","Energy",98.2,-1.7
"2000-08","Canada","Goods excluding food purchased from stores and energy",96.1,0.21
"2000-08","Canada","Services excluding shelter services",95,0.11
"2000-09","Canada","Food purchased from stores",92.8,-1.17
"2000-09","Canada","Shelter",96.3,0.63
"2000-09","Canada","Energy",102.5,4.38
"2000-09","Canada","Goods excluding food purchased from stores and energy",96.5,0.42
"2000-09","Canada","Services excluding shelter services",95,0
"2000-10","Canada","Food purchased from stores",92.5,-0.32
"2000-10","Canada","Shelter",97.2,0.93
"2000-10","Canada","Energy",103.8,1.27
"2000-10","Canada","Goods excluding food purchased from stores and energy",96.7,0.21
"2000-10","Canada","Services excluding shelter services",94.8,-0.21
"2000-11","Canada","Food purchased from stores",93.6,1.19
"2000-11","Canada","Shelter",97.7,0.51
"2000-11","Canada","Energy",105.4,1.54
"2000-11","Canada","Goods excluding food purchased from stores and energy",97.1,0.41
"2000-11","Canada","Services excluding shelter services",94.5,-0.32
"2000-12","Canada","Food purchased from stores",95.2,1.71
"2000-12","Canada","Shelter",98.1,0.41
"2000-12","Canada","Energy",103.7,-1.61
"2000-12","Canada","Goods excluding food purchased from stores and energy",97,-0.1
"2000-12","Canada","Services excluding shelter services",94.4,-0.11
"2001-01","Canada","Food purchased from stores",95.3,0.11
"2001-01","Canada","Shelter",97.5,-0.61
"2001-01","Canada","Energy",101,-2.6
"2001-01","Canada","Goods excluding food purchased from stores and energy",96.4,-0.62
"2001-01","Canada","Services excluding shelter services",94.4,0
"2001-02","Canada","Food purchased from stores",96.3,1.05
"2001-02","Canada","Shelter",97.3,-0.21
"2001-02","Canada","Energy",100.2,-0.79
"2001-02","Canada","Goods excluding food purchased from stores and energy",96.9,0.52
"2001-02","Canada","Services excluding shelter services",95.1,0.74
"2001-03","Canada","Food purchased from stores",97.3,1.04
"2001-03","Canada","Shelter",98.4,1.13
"2001-03","Canada","Energy",101.5,1.3
"2001-03","Canada","Goods excluding food purchased from stores and energy",97.3,0.41
"2001-03","Canada","Services excluding shelter services",95,-0.11
"2001-04","Canada","Food purchased from stores",97.7,0.41
"2001-04","Canada","Shelter",98.9,0.51
"2001-04","Canada","Energy",105.2,3.65
"2001-04","Canada","Goods excluding food purchased from stores and energy",97.7,0.41
"2001-04","Canada","Services excluding shelter services",95.4,0.42
"2001-05","Canada","Food purchased from stores",98.7,1.02
"2001-05","Canada","Shelter",100,1.11
"2001-05","Canada","Energy",110.7,5.23
"2001-05","Canada","Goods excluding food purchased from stores and energy",97.7,0
"2001-05","Canada","Services excluding shelter services",95.9,0.52
"2001-06","Canada","Food purchased from stores",98.8,0.1
"2001-06","Canada","Shelter",100.3,0.3
"2001-06","Canada","Energy",109.3,-1.26
"2001-06","Canada","Goods excluding food purchased from stores and energy",97.7,0
"2001-06","Canada","Services excluding shelter services",96.6,0.73
"2001-07","Canada","Food purchased from stores",99.1,0.3
"2001-07","Canada","Shelter",99.9,-0.4
"2001-07","Canada","Energy",102.7,-6.04
"2001-07","Canada","Goods excluding food purchased from stores and energy",97.6,-0.1
"2001-07","Canada","Services excluding shelter services",97.5,0.93
"2001-08","Canada","Food purchased from stores",97.9,-1.21
"2001-08","Canada","Shelter",99.9,0
"2001-08","Canada","Energy",102.9,0.19
"2001-08","Canada","Goods excluding food purchased from stores and energy",97.8,0.2
"2001-08","Canada","Services excluding shelter services",97.6,0.1
"2001-09","Canada","Food purchased from stores",96.9,-1.02
"2001-09","Canada","Shelter",99.6,-0.3
"2001-09","Canada","Energy",105.7,2.72
"2001-09","Canada","Goods excluding food purchased from stores and energy",98.2,0.41
"2001-09","Canada","Services excluding shelter services",97.6,0
"2001-10","Canada","Food purchased from stores",96.6,-0.31
"2001-10","Canada","Shelter",99.8,0.2
"2001-10","Canada","Energy",101,-4.45
"2001-10","Canada","Goods excluding food purchased from stores and energy",98.1,-0.1
"2001-10","Canada","Services excluding shelter services",97.1,-0.51
"2001-11","Canada","Food purchased from stores",97.2,0.62
"2001-11","Canada","Shelter",98.4,-1.4
"2001-11","Canada","Energy",92.2,-8.71
"2001-11","Canada","Goods excluding food purchased from stores and energy",98.2,0.1
"2001-11","Canada","Services excluding shelter services",96.6,-0.51
"2001-12","Canada","Food purchased from stores",98.6,1.44
"2001-12","Canada","Shelter",98.9,0.51
"2001-12","Canada","Energy",91.9,-0.33
"2001-12","Canada","Goods excluding food purchased from stores and energy",98,-0.2
"2001-12","Canada","Services excluding shelter services",96.7,0.1
"2002-01","Canada","Food purchased from stores",100,1.42
"2002-01","Canada","Shelter",99.3,0.4
"2002-01","Canada","Energy",94,2.29
"2002-01","Canada","Goods excluding food purchased from stores and energy",97.4,-0.61
"2002-01","Canada","Services excluding shelter services",96.9,0.21
"2002-02","Canada","Food purchased from stores",100.7,0.7
"2002-02","Canada","Shelter",99.4,0.1
"2002-02","Canada","Energy",94.4,0.43
"2002-02","Canada","Goods excluding food purchased from stores and energy",98.3,0.92
"2002-02","Canada","Services excluding shelter services",97.6,0.72
"2002-03","Canada","Food purchased from stores",100.4,-0.3
"2002-03","Canada","Shelter",99.4,0
"2002-03","Canada","Energy",98.1,3.92
"2002-03","Canada","Goods excluding food purchased from stores and energy",99,0.71
"2002-03","Canada","Services excluding shelter services",98.1,0.51
"2002-04","Canada","Food purchased from stores",100.9,0.5
"2002-04","Canada","Shelter",99.1,-0.3
"2002-04","Canada","Energy",99.9,1.83
"2002-04","Canada","Goods excluding food purchased from stores and energy",99.5,0.51
"2002-04","Canada","Services excluding shelter services",98.6,0.51
"2002-05","Canada","Food purchased from stores",100.3,-0.59
"2002-05","Canada","Shelter",99.4,0.3
"2002-05","Canada","Energy",99.1,-0.8
"2002-05","Canada","Goods excluding food purchased from stores and energy",99.4,-0.1
"2002-05","Canada","Services excluding shelter services",99.7,1.12
"2002-06","Canada","Food purchased from stores",100.7,0.4
"2002-06","Canada","Shelter",99.3,-0.1
"2002-06","Canada","Energy",98,-1.11
"2002-06","Canada","Goods excluding food purchased from stores and energy",100.1,0.7
"2002-06","Canada","Services excluding shelter services",100,0.3
"2002-07","Canada","Food purchased from stores",100.6,-0.1
"2002-07","Canada","Shelter",99.5,0.2
"2002-07","Canada","Energy",99.5,1.53
"2002-07","Canada","Goods excluding food purchased from stores and energy",100.7,0.6
"2002-07","Canada","Services excluding shelter services",100.9,0.9
"2002-08","Canada","Food purchased from stores",99.7,-0.89
"2002-08","Canada","Shelter",100.3,0.8
"2002-08","Canada","Energy",102.9,3.42
"2002-08","Canada","Goods excluding food purchased from stores and energy",100.8,0.1
"2002-08","Canada","Services excluding shelter services",101.4,0.5
"2002-09","Canada","Food purchased from stores",98.4,-1.3
"2002-09","Canada","Shelter",100.7,0.4
"2002-09","Canada","Energy",103.9,0.97
"2002-09","Canada","Goods excluding food purchased from stores and energy",101.1,0.3
"2002-09","Canada","Services excluding shelter services",101.4,0
"2002-10","Canada","Food purchased from stores",97.7,-0.71
"2002-10","Canada","Shelter",101.7,0.99
"2002-10","Canada","Energy",106.8,2.79
"2002-10","Canada","Goods excluding food purchased from stores and energy",101.3,0.2
"2002-10","Canada","Services excluding shelter services",101.4,0
"2002-11","Canada","Food purchased from stores",99.9,2.25
"2002-11","Canada","Shelter",101.7,0
"2002-11","Canada","Energy",105.1,-1.59
"2002-11","Canada","Goods excluding food purchased from stores and energy",101.5,0.2
"2002-11","Canada","Services excluding shelter services",101.6,0.2
"2002-12","Canada","Food purchased from stores",100.7,0.8
"2002-12","Canada","Shelter",100.1,-1.57
"2002-12","Canada","Energy",98.4,-6.37
"2002-12","Canada","Goods excluding food purchased from stores and energy",100.8,-0.69
"2002-12","Canada","Services excluding shelter services",102.4,0.79
"2003-01","Canada","Food purchased from stores",101.8,1.09
"2003-01","Canada","Shelter",102.1,2
"2003-01","Canada","Energy",108.3,10.06
"2003-01","Canada","Goods excluding food purchased from stores and energy",100.3,-0.5
"2003-01","Canada","Services excluding shelter services",102.7,0.29
"2003-02","Canada","Food purchased from stores",101.5,-0.29
"2003-02","Canada","Shelter",102.5,0.39
"2003-02","Canada","Energy",113,4.34
"2003-02","Canada","Goods excluding food purchased from stores and energy",101,0.7
"2003-02","Canada","Services excluding shelter services",103.4,0.68
"2003-03","Canada","Food purchased from stores",101.7,0.2
"2003-03","Canada","Shelter",103.2,0.68
"2003-03","Canada","Energy",115.3,2.04
"2003-03","Canada","Goods excluding food purchased from stores and energy",101.4,0.4
"2003-03","Canada","Services excluding shelter services",103.4,0
"2003-04","Canada","Food purchased from stores",101.7,0
"2003-04","Canada","Shelter",102.3,-0.87
"2003-04","Canada","Energy",106,-8.07
"2003-04","Canada","Goods excluding food purchased from stores and energy",101.1,-0.3
"2003-04","Canada","Services excluding shelter services",103.5,0.1
"2003-05","Canada","Food purchased from stores",102.1,0.39
"2003-05","Canada","Shelter",102.9,0.59
"2003-05","Canada","Energy",103.7,-2.17
"2003-05","Canada","Goods excluding food purchased from stores and energy",101.2,0.1
"2003-05","Canada","Services excluding shelter services",103.8,0.29
"2003-06","Canada","Food purchased from stores",102.4,0.29
"2003-06","Canada","Shelter",103.4,0.49
"2003-06","Canada","Energy",105.7,1.93
"2003-06","Canada","Goods excluding food purchased from stores and energy",100.2,-0.99
"2003-06","Canada","Services excluding shelter services",104.3,0.48
"2003-07","Canada","Food purchased from stores",102.3,-0.1
"2003-07","Canada","Shelter",103.3,-0.1
"2003-07","Canada","Energy",106.2,0.47
"2003-07","Canada","Goods excluding food purchased from stores and energy",100.1,-0.1
"2003-07","Canada","Services excluding shelter services",104.6,0.29
"2003-08","Canada","Food purchased from stores",101,-1.27
"2003-08","Canada","Shelter",103.4,0.1
"2003-08","Canada","Energy",110.7,4.24
"2003-08","Canada","Goods excluding food purchased from stores and energy",100,-0.1
"2003-08","Canada","Services excluding shelter services",105,0.38
"2003-09","Canada","Food purchased from stores",100,-0.99
"2003-09","Canada","Shelter",103.6,0.19
"2003-09","Canada","Energy",110.6,-0.09
"2003-09","Canada","Goods excluding food purchased from stores and energy",100.5,0.5
"2003-09","Canada","Services excluding shelter services",105.4,0.38
"2003-10","Canada","Food purchased from stores",99.6,-0.4
"2003-10","Canada","Shelter",103.8,0.19
"2003-10","Canada","Energy",105.7,-4.43
"2003-10","Canada","Goods excluding food purchased from stores and energy",100.3,-0.2
"2003-10","Canada","Services excluding shelter services",105.5,0.09
"2003-11","Canada","Food purchased from stores",101,1.41
"2003-11","Canada","Shelter",104,0.19
"2003-11","Canada","Energy",104.4,-1.23
"2003-11","Canada","Goods excluding food purchased from stores and energy",101.1,0.8
"2003-11","Canada","Services excluding shelter services",105.3,-0.19
"2003-12","Canada","Food purchased from stores",102.2,1.19
"2003-12","Canada","Shelter",104.4,0.38
"2003-12","Canada","Energy",105.1,0.67
"2003-12","Canada","Goods excluding food purchased from stores and energy",100.6,-0.49
"2003-12","Canada","Services excluding shelter services",105.4,0.09
"2004-01","Canada","Food purchased from stores",102.2,0
"2004-01","Canada","Shelter",104.3,-0.1
"2004-01","Canada","Energy",107.1,1.9
"2004-01","Canada","Goods excluding food purchased from stores and energy",100.4,-0.2
"2004-01","Canada","Services excluding shelter services",105.2,-0.19
"2004-02","Canada","Food purchased from stores",101.9,-0.29
"2004-02","Canada","Shelter",104.5,0.19
"2004-02","Canada","Energy",109.5,2.24
"2004-02","Canada","Goods excluding food purchased from stores and energy",100.4,0
"2004-02","Canada","Services excluding shelter services",105.5,0.29
"2004-03","Canada","Food purchased from stores",102.1,0.2
"2004-03","Canada","Shelter",104.6,0.1
"2004-03","Canada","Energy",110.6,1
"2004-03","Canada","Goods excluding food purchased from stores and energy",100.9,0.5
"2004-03","Canada","Services excluding shelter services",105.7,0.19
"2004-04","Canada","Food purchased from stores",101.7,-0.39
"2004-04","Canada","Shelter",105.1,0.48
"2004-04","Canada","Energy",112.8,1.99
"2004-04","Canada","Goods excluding food purchased from stores and energy",100.8,-0.1
"2004-04","Canada","Services excluding shelter services",105.9,0.19
"2004-05","Canada","Food purchased from stores",102.8,1.08
"2004-05","Canada","Shelter",105.3,0.19
"2004-05","Canada","Energy",120.5,6.83
"2004-05","Canada","Goods excluding food purchased from stores and energy",100.8,0
"2004-05","Canada","Services excluding shelter services",106.5,0.57
"2004-06","Canada","Food purchased from stores",104.2,1.36
"2004-06","Canada","Shelter",105.7,0.38
"2004-06","Canada","Energy",119.4,-0.91
"2004-06","Canada","Goods excluding food purchased from stores and energy",100.4,-0.4
"2004-06","Canada","Services excluding shelter services",106.7,0.19
"2004-07","Canada","Food purchased from stores",104,-0.19
"2004-07","Canada","Shelter",106,0.28
"2004-07","Canada","Energy",117.5,-1.59
"2004-07","Canada","Goods excluding food purchased from stores and energy",100.2,-0.2
"2004-07","Canada","Services excluding shelter services",107,0.28
"2004-08","Canada","Food purchased from stores",103.6,-0.38
"2004-08","Canada","Shelter",106.2,0.19
"2004-08","Canada","Energy",117.6,0.09
"2004-08","Canada","Goods excluding food purchased from stores and energy",99.6,-0.6
"2004-08","Canada","Services excluding shelter services",107,0
"2004-09","Canada","Food purchased from stores",102.8,-0.77
"2004-09","Canada","Shelter",106.5,0.28
"2004-09","Canada","Energy",117,-0.51
"2004-09","Canada","Goods excluding food purchased from stores and energy",100.2,0.6
"2004-09","Canada","Services excluding shelter services",107.2,0.19
"2004-10","Canada","Food purchased from stores",103.4,0.58
"2004-10","Canada","Shelter",107,0.47
"2004-10","Canada","Energy",119.5,2.14
"2004-10","Canada","Goods excluding food purchased from stores and energy",99.8,-0.4
"2004-10","Canada","Services excluding shelter services",107,-0.19
"2004-11","Canada","Food purchased from stores",104.8,1.35
"2004-11","Canada","Shelter",107.4,0.37
"2004-11","Canada","Energy",117.1,-2.01
"2004-11","Canada","Goods excluding food purchased from stores and energy",100.8,1
"2004-11","Canada","Services excluding shelter services",107.1,0.09
"2004-12","Canada","Food purchased from stores",105.4,0.57
"2004-12","Canada","Shelter",107.4,0
"2004-12","Canada","Energy",113.6,-2.99
"2004-12","Canada","Goods excluding food purchased from stores and energy",100.6,-0.2
"2004-12","Canada","Services excluding shelter services",107.3,0.19
"2005-01","Canada","Food purchased from stores",104.8,-0.57
"2005-01","Canada","Shelter",107.5,0.09
"2005-01","Canada","Energy",115,1.23
"2005-01","Canada","Goods excluding food purchased from stores and energy",100.1,-0.5
"2005-01","Canada","Services excluding shelter services",107.1,-0.19
"2005-02","Canada","Food purchased from stores",104.4,-0.38
"2005-02","Canada","Shelter",107.7,0.19
"2005-02","Canada","Energy",117.5,2.17
"2005-02","Canada","Goods excluding food purchased from stores and energy",100.6,0.5
"2005-02","Canada","Services excluding shelter services",107.5,0.37
"2005-03","Canada","Food purchased from stores",105,0.57
"2005-03","Canada","Shelter",108.1,0.37
"2005-03","Canada","Energy",121,2.98
"2005-03","Canada","Goods excluding food purchased from stores and energy",101.2,0.6
"2005-03","Canada","Services excluding shelter services",107.7,0.19
"2005-04","Canada","Food purchased from stores",106.2,1.14
"2005-04","Canada","Shelter",108.4,0.28
"2005-04","Canada","Energy",124.9,3.22
"2005-04","Canada","Goods excluding food purchased from stores and energy",100.4,-0.79
"2005-04","Canada","Services excluding shelter services",107.8,0.09
"2005-05","Canada","Food purchased from stores",106.4,0.19
"2005-05","Canada","Shelter",108.6,0.18
"2005-05","Canada","Energy",122.5,-1.92
"2005-05","Canada","Goods excluding food purchased from stores and energy",100.4,0
"2005-05","Canada","Services excluding shelter services",108.3,0.46
"2005-06","Canada","Food purchased from stores",106.7,0.28
"2005-06","Canada","Shelter",108.8,0.18
"2005-06","Canada","Energy",124.1,1.31
"2005-06","Canada","Goods excluding food purchased from stores and energy",100.1,-0.3
"2005-06","Canada","Services excluding shelter services",108.7,0.37
"2005-07","Canada","Food purchased from stores",106.3,-0.37
"2005-07","Canada","Shelter",109.4,0.55
"2005-07","Canada","Energy",128.3,3.38
"2005-07","Canada","Goods excluding food purchased from stores and energy",99.7,-0.4
"2005-07","Canada","Services excluding shelter services",109,0.28
"2005-08","Canada","Food purchased from stores",106,-0.28
"2005-08","Canada","Shelter",109.3,-0.09
"2005-08","Canada","Energy",132.2,3.04
"2005-08","Canada","Goods excluding food purchased from stores and energy",100.1,0.4
"2005-08","Canada","Services excluding shelter services",109,0
"2005-09","Canada","Food purchased from stores",104.5,-1.42
"2005-09","Canada","Shelter",110,0.64
"2005-09","Canada","Energy",142.1,7.49
"2005-09","Canada","Goods excluding food purchased from stores and energy",100.8,0.7
"2005-09","Canada","Services excluding shelter services",109.2,0.18
"2005-10","Canada","Food purchased from stores",104.9,0.38
"2005-10","Canada","Shelter",110.7,0.64
"2005-10","Canada","Energy",135.6,-4.57
"2005-10","Canada","Goods excluding food purchased from stores and energy",100.3,-0.5
"2005-10","Canada","Services excluding shelter services",109.1,-0.09
"2005-11","Canada","Food purchased from stores",105.6,0.67
"2005-11","Canada","Shelter",110.8,0.09
"2005-11","Canada","Energy",127.4,-6.05
"2005-11","Canada","Goods excluding food purchased from stores and energy",101.2,0.9
"2005-11","Canada","Services excluding shelter services",109.2,0.09
"2005-12","Canada","Food purchased from stores",106.5,0.85
"2005-12","Canada","Shelter",110.5,-0.27
"2005-12","Canada","Energy",125.2,-1.73
"2005-12","Canada","Goods excluding food purchased from stores and energy",100.8,-0.4
"2005-12","Canada","Services excluding shelter services",109.3,0.09
"2006-01","Canada","Food purchased from stores",107.8,1.22
"2006-01","Canada","Shelter",111.8,1.18
"2006-01","Canada","Energy",132.7,5.99
"2006-01","Canada","Goods excluding food purchased from stores and energy",100.5,-0.3
"2006-01","Canada","Services excluding shelter services",108.9,-0.37
"2006-02","Canada","Food purchased from stores",107.4,-0.37
"2006-02","Canada","Shelter",111.7,-0.09
"2006-02","Canada","Energy",127.1,-4.22
"2006-02","Canada","Goods excluding food purchased from stores and energy",100.7,0.2
"2006-02","Canada","Services excluding shelter services",109.4,0.46
"2006-03","Canada","Food purchased from stores",107.2,-0.19
"2006-03","Canada","Shelter",111.9,0.18
"2006-03","Canada","Energy",130,2.28
"2006-03","Canada","Goods excluding food purchased from stores and energy",101.3,0.6
"2006-03","Canada","Services excluding shelter services",109.8,0.37
"2006-04","Canada","Food purchased from stores",106.9,-0.28
"2006-04","Canada","Shelter",112.2,0.27
"2006-04","Canada","Energy",138.9,6.85
"2006-04","Canada","Goods excluding food purchased from stores and energy",100.6,-0.69
"2006-04","Canada","Services excluding shelter services",110.2,0.36
"2006-05","Canada","Food purchased from stores",107.7,0.75
"2006-05","Canada","Shelter",113,0.71
"2006-05","Canada","Energy",139.8,0.65
"2006-05","Canada","Goods excluding food purchased from stores and energy",100.6,0
"2006-05","Canada","Services excluding shelter services",111.1,0.82
"2006-06","Canada","Food purchased from stores",108.2,0.46
"2006-06","Canada","Shelter",112.8,-0.18
"2006-06","Canada","Energy",138.4,-1
"2006-06","Canada","Goods excluding food purchased from stores and energy",99.7,-0.89
"2006-06","Canada","Services excluding shelter services",111.2,0.09
"2006-07","Canada","Food purchased from stores",108.5,0.28
"2006-07","Canada","Shelter",113.2,0.35
"2006-07","Canada","Energy",142,2.6
"2006-07","Canada","Goods excluding food purchased from stores and energy",99,-0.7
"2006-07","Canada","Services excluding shelter services",111,-0.18
"2006-08","Canada","Food purchased from stores",108.4,-0.09
"2006-08","Canada","Shelter",113.5,0.27
"2006-08","Canada","Energy",141.7,-0.21
"2006-08","Canada","Goods excluding food purchased from stores and energy",99.2,0.2
"2006-08","Canada","Services excluding shelter services",111.1,0.09
"2006-09","Canada","Food purchased from stores",107.8,-0.55
"2006-09","Canada","Shelter",114,0.44
"2006-09","Canada","Energy",128.8,-9.1
"2006-09","Canada","Goods excluding food purchased from stores and energy",100,0.81
"2006-09","Canada","Services excluding shelter services",111.6,0.45
"2006-10","Canada","Food purchased from stores",108.2,0.37
"2006-10","Canada","Shelter",114.1,0.09
"2006-10","Canada","Energy",123.8,-3.88
"2006-10","Canada","Goods excluding food purchased from stores and energy",99.8,-0.2
"2006-10","Canada","Services excluding shelter services",111.5,-0.09
"2006-11","Canada","Food purchased from stores",109.1,0.83
"2006-11","Canada","Shelter",114.1,0
"2006-11","Canada","Energy",123.8,0
"2006-11","Canada","Goods excluding food purchased from stores and energy",100.2,0.4
"2006-11","Canada","Services excluding shelter services",111.7,0.18
"2006-12","Canada","Food purchased from stores",108.9,-0.18
"2006-12","Canada","Shelter",114.6,0.44
"2006-12","Canada","Energy",127.1,2.67
"2006-12","Canada","Goods excluding food purchased from stores and energy",99.6,-0.6
"2006-12","Canada","Services excluding shelter services",111.7,0
"2007-01","Canada","Food purchased from stores",110.2,1.19
"2007-01","Canada","Shelter",114.8,0.17
"2007-01","Canada","Energy",125.2,-1.49
"2007-01","Canada","Goods excluding food purchased from stores and energy",99.8,0.2
"2007-01","Canada","Services excluding shelter services",111.4,-0.27
"2007-02","Canada","Food purchased from stores",112.5,2.09
"2007-02","Canada","Shelter",114.9,0.09
"2007-02","Canada","Energy",127.1,1.52
"2007-02","Canada","Goods excluding food purchased from stores and energy",100.2,0.4
"2007-02","Canada","Services excluding shelter services",112.1,0.63
"2007-03","Canada","Food purchased from stores",111.9,-0.53
"2007-03","Canada","Shelter",115.4,0.44
"2007-03","Canada","Energy",135.9,6.92
"2007-03","Canada","Goods excluding food purchased from stores and energy",100.5,0.3
"2007-03","Canada","Services excluding shelter services",112.6,0.45
"2007-04","Canada","Food purchased from stores",111.7,-0.18
"2007-04","Canada","Shelter",116.2,0.69
"2007-04","Canada","Energy",139.1,2.35
"2007-04","Canada","Goods excluding food purchased from stores and energy",100.4,-0.1
"2007-04","Canada","Services excluding shelter services",113.1,0.44
"2007-05","Canada","Food purchased from stores",112,0.27
"2007-05","Canada","Shelter",116,-0.17
"2007-05","Canada","Energy",142,2.08
"2007-05","Canada","Goods excluding food purchased from stores and energy",100.1,-0.3
"2007-05","Canada","Services excluding shelter services",114,0.8
"2007-06","Canada","Food purchased from stores",111.9,-0.09
"2007-06","Canada","Shelter",116.8,0.69
"2007-06","Canada","Energy",140.1,-1.34
"2007-06","Canada","Goods excluding food purchased from stores and energy",99.6,-0.5
"2007-06","Canada","Services excluding shelter services",114.2,0.18
"2007-07","Canada","Food purchased from stores",111.4,-0.45
"2007-07","Canada","Shelter",117,0.17
"2007-07","Canada","Energy",139.6,-0.36
"2007-07","Canada","Goods excluding food purchased from stores and energy",99.4,-0.2
"2007-07","Canada","Services excluding shelter services",114.7,0.44
"2007-08","Canada","Food purchased from stores",110.6,-0.72
"2007-08","Canada","Shelter",117.6,0.51
"2007-08","Canada","Energy",136.4,-2.29
"2007-08","Canada","Goods excluding food purchased from stores and energy",99.1,-0.3
"2007-08","Canada","Services excluding shelter services",114.8,0.09
"2007-09","Canada","Food purchased from stores",109.2,-1.27
"2007-09","Canada","Shelter",117.8,0.17
"2007-09","Canada","Energy",136.6,0.15
"2007-09","Canada","Goods excluding food purchased from stores and energy",99.8,0.71
"2007-09","Canada","Services excluding shelter services",115.1,0.26
"2007-10","Canada","Food purchased from stores",108.9,-0.27
"2007-10","Canada","Shelter",118.7,0.76
"2007-10","Canada","Energy",134.5,-1.54
"2007-10","Canada","Goods excluding food purchased from stores and energy",99.3,-0.5
"2007-10","Canada","Services excluding shelter services",114.6,-0.43
"2007-11","Canada","Food purchased from stores",109.8,0.83
"2007-11","Canada","Shelter",118.8,0.08
"2007-11","Canada","Energy",136.5,1.49
"2007-11","Canada","Goods excluding food purchased from stores and energy",99.1,-0.2
"2007-11","Canada","Services excluding shelter services",114.6,0
"2007-12","Canada","Food purchased from stores",110.1,0.27
"2007-12","Canada","Shelter",119.2,0.34
"2007-12","Canada","Energy",138.2,1.25
"2007-12","Canada","Goods excluding food purchased from stores and energy",98.3,-0.81
"2007-12","Canada","Services excluding shelter services",114.9,0.26
"2008-01","Canada","Food purchased from stores",111.4,1.18
"2008-01","Canada","Shelter",119.2,0
"2008-01","Canada","Energy",139,0.58
"2008-01","Canada","Goods excluding food purchased from stores and energy",97.5,-0.81
"2008-01","Canada","Services excluding shelter services",114.1,-0.7
"2008-02","Canada","Food purchased from stores",111.8,0.36
"2008-02","Canada","Shelter",119.6,0.34
"2008-02","Canada","Energy",139.4,0.29
"2008-02","Canada","Goods excluding food purchased from stores and energy",97.4,-0.1
"2008-02","Canada","Services excluding shelter services",115.1,0.88
"2008-03","Canada","Food purchased from stores",111.6,-0.18
"2008-03","Canada","Shelter",120.1,0.42
"2008-03","Canada","Energy",143.2,2.73
"2008-03","Canada","Goods excluding food purchased from stores and energy",97.7,0.31
"2008-03","Canada","Services excluding shelter services",115.2,0.09
"2008-04","Canada","Food purchased from stores",112.7,0.99
"2008-04","Canada","Shelter",121.2,0.92
"2008-04","Canada","Energy",150.2,4.89
"2008-04","Canada","Goods excluding food purchased from stores and energy",97.4,-0.31
"2008-04","Canada","Services excluding shelter services",116,0.69
"2008-05","Canada","Food purchased from stores",114.1,1.24
"2008-05","Canada","Shelter",121.6,0.33
"2008-05","Canada","Energy",158.4,5.46
"2008-05","Canada","Goods excluding food purchased from stores and energy",96.7,-0.72
"2008-05","Canada","Services excluding shelter services",117.5,1.29
"2008-06","Canada","Food purchased from stores",115.3,1.05
"2008-06","Canada","Shelter",122.3,0.58
"2008-06","Canada","Energy",165.3,4.36
"2008-06","Canada","Goods excluding food purchased from stores and energy",96.4,-0.31
"2008-06","Canada","Services excluding shelter services",118,0.43
"2008-07","Canada","Food purchased from stores",116.2,0.78
"2008-07","Canada","Shelter",123.3,0.82
"2008-07","Canada","Energy",169.1,2.3
"2008-07","Canada","Goods excluding food purchased from stores and energy",96.1,-0.31
"2008-07","Canada","Services excluding shelter services",118.4,0.34
"2008-08","Canada","Food purchased from stores",116.4,0.17
"2008-08","Canada","Shelter",123.8,0.41
"2008-08","Canada","Energy",164,-3.02
"2008-08","Canada","Goods excluding food purchased from stores and energy",96.3,0.21
"2008-08","Canada","Services excluding shelter services",118.6,0.17
"2008-09","Canada","Food purchased from stores",116.5,0.09
"2008-09","Canada","Shelter",123.1,-0.57
"2008-09","Canada","Energy",161.5,-1.52
"2008-09","Canada","Goods excluding food purchased from stores and energy",96.7,0.42
"2008-09","Canada","Services excluding shelter services",118.8,0.17
"2008-10","Canada","Food purchased from stores",116.8,0.26
"2008-10","Canada","Shelter",123.2,0.08
"2008-10","Canada","Energy",147.5,-8.67
"2008-10","Canada","Goods excluding food purchased from stores and energy",95.9,-0.83
"2008-10","Canada","Services excluding shelter services",118.4,-0.34
"2008-11","Canada","Food purchased from stores",119.7,2.48
"2008-11","Canada","Shelter",123.4,0.16
"2008-11","Canada","Energy",130.7,-11.39
"2008-11","Canada","Goods excluding food purchased from stores and energy",97.6,1.77
"2008-11","Canada","Services excluding shelter services",118.4,0
"2008-12","Canada","Food purchased from stores",120,0.25
"2008-12","Canada","Shelter",123.4,0
"2008-12","Canada","Energy",123,-5.89
"2008-12","Canada","Goods excluding food purchased from stores and energy",96.7,-0.92
"2008-12","Canada","Services excluding shelter services",118.5,0.08
"2009-01","Canada","Food purchased from stores",121,0.83
"2009-01","Canada","Shelter",123.1,-0.24
"2009-01","Canada","Energy",123.8,0.65
"2009-01","Canada","Goods excluding food purchased from stores and energy",95.7,-1.03
"2009-01","Canada","Services excluding shelter services",117.5,-0.84
"2009-02","Canada","Food purchased from stores",121.8,0.66
"2009-02","Canada","Shelter",123.2,0.08
"2009-02","Canada","Energy",127.2,2.75
"2009-02","Canada","Goods excluding food purchased from stores and energy",96.3,0.63
"2009-02","Canada","Services excluding shelter services",118.3,0.68
"2009-03","Canada","Food purchased from stores",122.2,0.33
"2009-03","Canada","Shelter",122.6,-0.49
"2009-03","Canada","Energy",127.1,-0.08
"2009-03","Canada","Goods excluding food purchased from stores and energy",96.6,0.31
"2009-03","Canada","Services excluding shelter services",118.9,0.51
"2009-04","Canada","Food purchased from stores",122.1,-0.08
"2009-04","Canada","Shelter",121.4,-0.98
"2009-04","Canada","Energy",123.9,-2.52
"2009-04","Canada","Goods excluding food purchased from stores and energy",96.5,-0.1
"2009-04","Canada","Services excluding shelter services",119.4,0.42
"2009-05","Canada","Food purchased from stores",122.5,0.33
"2009-05","Canada","Shelter",121.4,0
"2009-05","Canada","Energy",129.4,4.44
"2009-05","Canada","Goods excluding food purchased from stores and energy",96.8,0.31
"2009-05","Canada","Services excluding shelter services",120.6,1.01
"2009-06","Canada","Food purchased from stores",122.7,0.16
"2009-06","Canada","Shelter",121.3,-0.08
"2009-06","Canada","Energy",133.9,3.48
"2009-06","Canada","Goods excluding food purchased from stores and energy",96.5,-0.31
"2009-06","Canada","Services excluding shelter services",121,0.33
"2009-07","Canada","Food purchased from stores",122.7,0
"2009-07","Canada","Shelter",120.8,-0.41
"2009-07","Canada","Energy",129.6,-3.21
"2009-07","Canada","Goods excluding food purchased from stores and energy",96,-0.52
"2009-07","Canada","Services excluding shelter services",121.2,0.17
"2009-08","Canada","Food purchased from stores",121.5,-0.98
"2009-08","Canada","Shelter",121.1,0.25
"2009-08","Canada","Energy",132.6,2.31
"2009-08","Canada","Goods excluding food purchased from stores and energy",96,0
"2009-08","Canada","Services excluding shelter services",121.3,0.08
"2009-09","Canada","Food purchased from stores",119.7,-1.48
"2009-09","Canada","Shelter",120.9,-0.17
"2009-09","Canada","Energy",131.3,-0.98
"2009-09","Canada","Goods excluding food purchased from stores and energy",96.3,0.31
"2009-09","Canada","Services excluding shelter services",121.9,0.49
"2009-10","Canada","Food purchased from stores",119.3,-0.33
"2009-10","Canada","Shelter",121.2,0.25
"2009-10","Canada","Energy",128.8,-1.9
"2009-10","Canada","Goods excluding food purchased from stores and energy",96.4,0.1
"2009-10","Canada","Services excluding shelter services",121.8,-0.08
"2009-11","Canada","Food purchased from stores",121.2,1.59
"2009-11","Canada","Shelter",121.3,0.08
"2009-11","Canada","Energy",132.4,2.8
"2009-11","Canada","Goods excluding food purchased from stores and energy",97.4,1.04
"2009-11","Canada","Services excluding shelter services",121.5,-0.25
"2009-12","Canada","Food purchased from stores",121.5,0.25
"2009-12","Canada","Shelter",121.3,0
"2009-12","Canada","Energy",130.3,-1.59
"2009-12","Canada","Goods excluding food purchased from stores and energy",96.2,-1.23
"2009-12","Canada","Services excluding shelter services",121.5,0
"2010-01","Canada","Food purchased from stores",122.1,0.49
"2010-01","Canada","Shelter",121.8,0.41
"2010-01","Canada","Energy",133.9,2.76
"2010-01","Canada","Goods excluding food purchased from stores and energy",96.3,0.1
"2010-01","Canada","Services excluding shelter services",121.3,-0.16
"2010-02","Canada","Food purchased from stores",122.5,0.33
"2010-02","Canada","Shelter",121.8,0
"2010-02","Canada","Energy",132.3,-1.19
"2010-02","Canada","Goods excluding food purchased from stores and energy",96.7,0.42
"2010-02","Canada","Services excluding shelter services",122.7,1.15
"2010-03","Canada","Food purchased from stores",123.1,0.49
"2010-03","Canada","Shelter",121.7,-0.08
"2010-03","Canada","Energy",134.5,1.66
"2010-03","Canada","Goods excluding food purchased from stores and energy",96.8,0.1
"2010-03","Canada","Services excluding shelter services",122,-0.57
"2010-04","Canada","Food purchased from stores",122.6,-0.41
"2010-04","Canada","Shelter",122.4,0.58
"2010-04","Canada","Energy",136,1.12
"2010-04","Canada","Goods excluding food purchased from stores and energy",97.2,0.41
"2010-04","Canada","Services excluding shelter services",122.4,0.33
"2010-05","Canada","Food purchased from stores",122.8,0.16
"2010-05","Canada","Shelter",123,0.49
"2010-05","Canada","Energy",137.4,1.03
"2010-05","Canada","Goods excluding food purchased from stores and energy",96.9,-0.31
"2010-05","Canada","Services excluding shelter services",123.3,0.74
"2010-06","Canada","Food purchased from stores",122.8,0
"2010-06","Canada","Shelter",123.3,0.24
"2010-06","Canada","Energy",135.7,-1.24
"2010-06","Canada","Goods excluding food purchased from stores and energy",96,-0.93
"2010-06","Canada","Services excluding shelter services",123.9,0.49
"2010-07","Canada","Food purchased from stores",123.4,0.49
"2010-07","Canada","Shelter",124.3,0.81
"2010-07","Canada","Energy",139.8,3.02
"2010-07","Canada","Goods excluding food purchased from stores and energy",95.5,-0.52
"2010-07","Canada","Services excluding shelter services",125.1,0.97
"2010-08","Canada","Food purchased from stores",123,-0.32
"2010-08","Canada","Shelter",124,-0.24
"2010-08","Canada","Energy",139.2,-0.43
"2010-08","Canada","Goods excluding food purchased from stores and energy",95.8,0.31
"2010-08","Canada","Services excluding shelter services",124.9,-0.16
"2010-09","Canada","Food purchased from stores",122.3,-0.57
"2010-09","Canada","Shelter",123.9,-0.08
"2010-09","Canada","Energy",138.7,-0.36
"2010-09","Canada","Goods excluding food purchased from stores and energy",96.3,0.52
"2010-09","Canada","Services excluding shelter services",125.2,0.24
"2010-10","Canada","Food purchased from stores",121.8,-0.41
"2010-10","Canada","Shelter",124.6,0.56
"2010-10","Canada","Energy",140.5,1.3
"2010-10","Canada","Goods excluding food purchased from stores and energy",96.9,0.62
"2010-10","Canada","Services excluding shelter services",125.3,0.08
"2010-11","Canada","Food purchased from stores",122.4,0.49
"2010-11","Canada","Shelter",124.4,-0.16
"2010-11","Canada","Energy",141.3,0.57
"2010-11","Canada","Goods excluding food purchased from stores and energy",97.1,0.21
"2010-11","Canada","Services excluding shelter services",125.4,0.08
"2010-12","Canada","Food purchased from stores",123.2,0.65
"2010-12","Canada","Shelter",124.6,0.16
"2010-12","Canada","Energy",144,1.91
"2010-12","Canada","Goods excluding food purchased from stores and energy",96.1,-1.03
"2010-12","Canada","Services excluding shelter services",125.2,-0.16
"2011-01","Canada","Food purchased from stores",124.4,0.97
"2011-01","Canada","Shelter",124.5,-0.08
"2011-01","Canada","Energy",146,1.39
"2011-01","Canada","Goods excluding food purchased from stores and energy",95.9,-0.21
"2011-01","Canada","Services excluding shelter services",125.2,0
"2011-02","Canada","Food purchased from stores",124.9,0.4
"2011-02","Canada","Shelter",124.5,0
"2011-02","Canada","Energy",146.3,0.21
"2011-02","Canada","Goods excluding food purchased from stores and energy",96.2,0.31
"2011-02","Canada","Services excluding shelter services",125.8,0.48
"2011-03","Canada","Food purchased from stores",127.6,2.16
"2011-03","Canada","Shelter",124.6,0.08
"2011-03","Canada","Energy",151.7,3.69
"2011-03","Canada","Goods excluding food purchased from stores and energy",97.3,1.14
"2011-03","Canada","Services excluding shelter services",126.5,0.56
"2011-04","Canada","Food purchased from stores",127.1,-0.39
"2011-04","Canada","Shelter",125.2,0.48
"2011-04","Canada","Energy",159.2,4.94
"2011-04","Canada","Goods excluding food purchased from stores and energy",96.9,-0.41
"2011-04","Canada","Services excluding shelter services",126.8,0.24
"2011-05","Canada","Food purchased from stores",128,0.71
"2011-05","Canada","Shelter",125.2,0
"2011-05","Canada","Energy",160.2,0.63
"2011-05","Canada","Goods excluding food purchased from stores and energy",97.3,0.41
"2011-05","Canada","Services excluding shelter services",128,0.95
"2011-06","Canada","Food purchased from stores",128.7,0.55
"2011-06","Canada","Shelter",125.4,0.16
"2011-06","Canada","Energy",157,-2
"2011-06","Canada","Goods excluding food purchased from stores and energy",95.4,-1.95
"2011-06","Canada","Services excluding shelter services",128.1,0.08
"2011-07","Canada","Food purchased from stores",129.7,0.78
"2011-07","Canada","Shelter",125.9,0.4
"2011-07","Canada","Energy",157.9,0.57
"2011-07","Canada","Goods excluding food purchased from stores and energy",95.1,-0.31
"2011-07","Canada","Services excluding shelter services",128.5,0.31
"2011-08","Canada","Food purchased from stores",129.2,-0.39
"2011-08","Canada","Shelter",126.2,0.24
"2011-08","Canada","Energy",157.9,0
"2011-08","Canada","Goods excluding food purchased from stores and energy",95.6,0.53
"2011-08","Canada","Services excluding shelter services",128.8,0.23
"2011-09","Canada","Food purchased from stores",128.2,-0.77
"2011-09","Canada","Shelter",125.7,-0.4
"2011-09","Canada","Energy",156,-1.2
"2011-09","Canada","Goods excluding food purchased from stores and energy",96.8,1.26
"2011-09","Canada","Services excluding shelter services",129.7,0.7
"2011-10","Canada","Food purchased from stores",127.8,-0.31
"2011-10","Canada","Shelter",126.5,0.64
"2011-10","Canada","Energy",156.9,0.58
"2011-10","Canada","Goods excluding food purchased from stores and energy",97.4,0.62
"2011-10","Canada","Services excluding shelter services",129.3,-0.31
"2011-11","Canada","Food purchased from stores",129.4,1.25
"2011-11","Canada","Shelter",126.3,-0.16
"2011-11","Canada","Energy",154.1,-1.78
"2011-11","Canada","Goods excluding food purchased from stores and energy",97.5,0.1
"2011-11","Canada","Services excluding shelter services",129.4,0.08
"2011-12","Canada","Food purchased from stores",129.4,0
"2011-12","Canada","Shelter",126.8,0.4
"2011-12","Canada","Energy",152.7,-0.91
"2011-12","Canada","Goods excluding food purchased from stores and energy",95.8,-1.74
"2011-12","Canada","Services excluding shelter services",129,-0.31
"2012-01","Canada","Food purchased from stores",130.5,0.85
"2012-01","Canada","Shelter",127.1,0.24
"2012-01","Canada","Energy",155.5,1.83
"2012-01","Canada","Goods excluding food purchased from stores and energy",96.4,0.63
"2012-01","Canada","Services excluding shelter services",128.9,-0.08
"2012-02","Canada","Food purchased from stores",130.8,0.23
"2012-02","Canada","Shelter",126.9,-0.16
"2012-02","Canada","Energy",156.9,0.9
"2012-02","Canada","Goods excluding food purchased from stores and energy",96.8,0.41
"2012-02","Canada","Services excluding shelter services",129.7,0.62
"2012-03","Canada","Food purchased from stores",130.1,-0.54
"2012-03","Canada","Shelter",126.6,-0.24
"2012-03","Canada","Energy",159.5,1.66
"2012-03","Canada","Goods excluding food purchased from stores and energy",97.4,0.62
"2012-03","Canada","Services excluding shelter services",130.3,0.46
"2012-04","Canada","Food purchased from stores",130.1,0
"2012-04","Canada","Shelter",126.6,0
"2012-04","Canada","Energy",161,0.94
"2012-04","Canada","Goods excluding food purchased from stores and energy",97.8,0.41
"2012-04","Canada","Services excluding shelter services",130.9,0.46
"2012-05","Canada","Food purchased from stores",131.2,0.85
"2012-05","Canada","Shelter",126.7,0.08
"2012-05","Canada","Energy",157.7,-2.05
"2012-05","Canada","Goods excluding food purchased from stores and energy",97.4,-0.41
"2012-05","Canada","Services excluding shelter services",131.6,0.53
"2012-06","Canada","Food purchased from stores",131,-0.15
"2012-06","Canada","Shelter",127,0.24
"2012-06","Canada","Energy",155.7,-1.27
"2012-06","Canada","Goods excluding food purchased from stores and energy",96,-1.44
"2012-06","Canada","Services excluding shelter services",131.8,0.15
"2012-07","Canada","Food purchased from stores",132.2,0.92
"2012-07","Canada","Shelter",127.2,0.16
"2012-07","Canada","Energy",156,0.19
"2012-07","Canada","Goods excluding food purchased from stores and energy",95.2,-0.83
"2012-07","Canada","Services excluding shelter services",131.8,0
"2012-08","Canada","Food purchased from stores",132.1,-0.08
"2012-08","Canada","Shelter",127.4,0.16
"2012-08","Canada","Energy",159.2,2.05
"2012-08","Canada","Goods excluding food purchased from stores and energy",95.7,0.53
"2012-08","Canada","Services excluding shelter services",131.8,0
"2012-09","Canada","Food purchased from stores",130,-1.59
"2012-09","Canada","Shelter",127.2,-0.16
"2012-09","Canada","Energy",160.6,0.88
"2012-09","Canada","Goods excluding food purchased from stores and energy",96.3,0.63
"2012-09","Canada","Services excluding shelter services",132.1,0.23
"2012-10","Canada","Food purchased from stores",130.2,0.15
"2012-10","Canada","Shelter",127.6,0.31
"2012-10","Canada","Energy",159.5,-0.68
"2012-10","Canada","Goods excluding food purchased from stores and energy",97,0.73
"2012-10","Canada","Services excluding shelter services",131.7,-0.3
"2012-11","Canada","Food purchased from stores",131.3,0.84
"2012-11","Canada","Shelter",127.5,-0.08
"2012-11","Canada","Energy",153.8,-3.57
"2012-11","Canada","Goods excluding food purchased from stores and energy",96.9,-0.1
"2012-11","Canada","Services excluding shelter services",131.9,0.15
"2012-12","Canada","Food purchased from stores",131,-0.23
"2012-12","Canada","Shelter",127.5,0
"2012-12","Canada","Energy",151.9,-1.24
"2012-12","Canada","Goods excluding food purchased from stores and energy",95.6,-1.34
"2012-12","Canada","Services excluding shelter services",131.5,-0.3
"2013-01","Canada","Food purchased from stores",131.3,0.23
"2013-01","Canada","Shelter",127.8,0.24
"2013-01","Canada","Energy",152.8,0.59
"2013-01","Canada","Goods excluding food purchased from stores and energy",95.6,0
"2013-01","Canada","Services excluding shelter services",131.4,-0.08
"2013-02","Canada","Food purchased from stores",133.1,1.37
"2013-02","Canada","Shelter",127.9,0.08
"2013-02","Canada","Energy",160.1,4.78
"2013-02","Canada","Goods excluding food purchased from stores and energy",97.1,1.57
"2013-02","Canada","Services excluding shelter services",132.2,0.61
"2013-03","Canada","Food purchased from stores",132.3,-0.6
"2013-03","Canada","Shelter",128,0.08
"2013-03","Canada","Energy",159.9,-0.12
"2013-03","Canada","Goods excluding food purchased from stores and energy",97.7,0.62
"2013-03","Canada","Services excluding shelter services",132.4,0.15
"2013-04","Canada","Food purchased from stores",132.3,0
"2013-04","Canada","Shelter",128.2,0.16
"2013-04","Canada","Energy",158,-1.19
"2013-04","Canada","Goods excluding food purchased from stores and energy",97.4,-0.31
"2013-04","Canada","Services excluding shelter services",132.4,0
"2013-05","Canada","Food purchased from stores",132.9,0.45
"2013-05","Canada","Shelter",128.3,0.08
"2013-05","Canada","Energy",159.3,0.82
"2013-05","Canada","Goods excluding food purchased from stores and energy",97,-0.41
"2013-05","Canada","Services excluding shelter services",133.3,0.68
"2013-06","Canada","Food purchased from stores",132.7,-0.15
"2013-06","Canada","Shelter",128.5,0.16
"2013-06","Canada","Energy",162.1,1.76
"2013-06","Canada","Goods excluding food purchased from stores and energy",96.4,-0.62
"2013-06","Canada","Services excluding shelter services",133.6,0.23
"2013-07","Canada","Food purchased from stores",132.8,0.08
"2013-07","Canada","Shelter",128.8,0.23
"2013-07","Canada","Energy",164.2,1.3
"2013-07","Canada","Goods excluding food purchased from stores and energy",95.7,-0.73
"2013-07","Canada","Services excluding shelter services",134.3,0.52
"2013-08","Canada","Food purchased from stores",133,0.15
"2013-08","Canada","Shelter",128.8,0
"2013-08","Canada","Energy",163,-0.73
"2013-08","Canada","Goods excluding food purchased from stores and energy",95.8,0.1
"2013-08","Canada","Services excluding shelter services",134.3,0
"2013-09","Canada","Food purchased from stores",131.4,-1.2
"2013-09","Canada","Shelter",129,0.16
"2013-09","Canada","Energy",163,0
"2013-09","Canada","Goods excluding food purchased from stores and energy",96.6,0.84
"2013-09","Canada","Services excluding shelter services",134.4,0.07
"2013-10","Canada","Food purchased from stores",131.1,-0.23
"2013-10","Canada","Shelter",129.2,0.16
"2013-10","Canada","Energy",157,-3.68
"2013-10","Canada","Goods excluding food purchased from stores and energy",97,0.41
"2013-10","Canada","Services excluding shelter services",134.1,-0.22
"2013-11","Canada","Food purchased from stores",132.7,1.22
"2013-11","Canada","Shelter",129.8,0.46
"2013-11","Canada","Energy",157.4,0.25
"2013-11","Canada","Goods excluding food purchased from stores and energy",96.4,-0.62
"2013-11","Canada","Services excluding shelter services",133.9,-0.15
"2013-12","Canada","Food purchased from stores",132,-0.53
"2013-12","Canada","Shelter",129.9,0.08
"2013-12","Canada","Energy",158.9,0.95
"2013-12","Canada","Goods excluding food purchased from stores and energy",95.7,-0.73
"2013-12","Canada","Services excluding shelter services",133.7,-0.15
"2014-01","Canada","Food purchased from stores",132.6,0.45
"2014-01","Canada","Shelter",130.5,0.46
"2014-01","Canada","Energy",160.2,0.82
"2014-01","Canada","Goods excluding food purchased from stores and energy",95.8,0.1
"2014-01","Canada","Services excluding shelter services",133.8,0.07
"2014-02","Canada","Food purchased from stores",134.4,1.36
"2014-02","Canada","Shelter",130.7,0.15
"2014-02","Canada","Energy",162.6,1.5
"2014-02","Canada","Goods excluding food purchased from stores and energy",96.9,1.15
"2014-02","Canada","Services excluding shelter services",134.8,0.75
"2014-03","Canada","Food purchased from stores",134.6,0.15
"2014-03","Canada","Shelter",131.4,0.54
"2014-03","Canada","Energy",167.2,2.83
"2014-03","Canada","Goods excluding food purchased from stores and energy",97.9,1.03
"2014-03","Canada","Services excluding shelter services",134.8,0
"2014-04","Canada","Food purchased from stores",134.6,0
"2014-04","Canada","Shelter",132.4,0.76
"2014-04","Canada","Energy",171.2,2.39
"2014-04","Canada","Goods excluding food purchased from stores and energy",97.9,0
"2014-04","Canada","Services excluding shelter services",134.9,0.07
"2014-05","Canada","Food purchased from stores",136.2,1.19
"2014-05","Canada","Shelter",132.6,0.15
"2014-05","Canada","Energy",172.7,0.88
"2014-05","Canada","Goods excluding food purchased from stores and energy",97.7,-0.2
"2014-05","Canada","Services excluding shelter services",136.2,0.96
"2014-06","Canada","Food purchased from stores",137,0.59
"2014-06","Canada","Shelter",132.2,-0.3
"2014-06","Canada","Energy",173,0.17
"2014-06","Canada","Goods excluding food purchased from stores and energy",97.2,-0.51
"2014-06","Canada","Services excluding shelter services",136.7,0.37
"2014-07","Canada","Food purchased from stores",137,0
"2014-07","Canada","Shelter",132.6,0.3
"2014-07","Canada","Energy",171.9,-0.64
"2014-07","Canada","Goods excluding food purchased from stores and energy",96.5,-0.72
"2014-07","Canada","Services excluding shelter services",137.1,0.29
"2014-08","Canada","Food purchased from stores",136,-0.73
"2014-08","Canada","Shelter",132.4,-0.15
"2014-08","Canada","Energy",168.3,-2.09
"2014-08","Canada","Goods excluding food purchased from stores and energy",96.9,0.41
"2014-08","Canada","Services excluding shelter services",137.9,0.58
"2014-09","Canada","Food purchased from stores",135.3,-0.51
"2014-09","Canada","Shelter",132.5,0.08
"2014-09","Canada","Energy",167.4,-0.53
"2014-09","Canada","Goods excluding food purchased from stores and energy",97.5,0.62
"2014-09","Canada","Services excluding shelter services",138,0.07
"2014-10","Canada","Food purchased from stores",135.1,-0.15
"2014-10","Canada","Shelter",132.8,0.23
"2014-10","Canada","Energy",163.6,-2.27
"2014-10","Canada","Goods excluding food purchased from stores and energy",98.3,0.82
"2014-10","Canada","Services excluding shelter services",138,0
"2014-11","Canada","Food purchased from stores",137.1,1.48
"2014-11","Canada","Shelter",132.8,0
"2014-11","Canada","Energy",156.5,-4.34
"2014-11","Canada","Goods excluding food purchased from stores and energy",98.1,-0.2
"2014-11","Canada","Services excluding shelter services",137.2,-0.58
"2014-12","Canada","Food purchased from stores",137.6,0.36
"2014-12","Canada","Shelter",133,0.15
"2014-12","Canada","Energy",148.7,-4.98
"2014-12","Canada","Goods excluding food purchased from stores and energy",97,-1.12
"2014-12","Canada","Services excluding shelter services",137,-0.15
"2015-01","Canada","Food purchased from stores",139.7,1.53
"2015-01","Canada","Shelter",133.1,0.08
"2015-01","Canada","Energy",139.5,-6.19
"2015-01","Canada","Goods excluding food purchased from stores and energy",97.3,0.31
"2015-01","Canada","Services excluding shelter services",137.2,0.15
"2015-02","Canada","Food purchased from stores",140.2,0.36
"2015-02","Canada","Shelter",133.1,0
"2015-02","Canada","Energy",145.1,4.01
"2015-02","Canada","Goods excluding food purchased from stores and energy",97.9,0.62
"2015-02","Canada","Services excluding shelter services",138.5,0.95
"2015-03","Canada","Food purchased from stores",140.2,0
"2015-03","Canada","Shelter",133.3,0.15
"2015-03","Canada","Energy",149.8,3.24
"2015-03","Canada","Goods excluding food purchased from stores and energy",99.5,1.63
"2015-03","Canada","Services excluding shelter services",138.6,0.07
"2015-04","Canada","Food purchased from stores",140,-0.14
"2015-04","Canada","Shelter",133.1,-0.15
"2015-04","Canada","Energy",148.1,-1.13
"2015-04","Canada","Goods excluding food purchased from stores and energy",99.5,0
"2015-04","Canada","Services excluding shelter services",138.4,-0.14
"2015-05","Canada","Food purchased from stores",141.8,1.29
"2015-05","Canada","Shelter",133.2,0.08
"2015-05","Canada","Energy",152.4,2.9
"2015-05","Canada","Goods excluding food purchased from stores and energy",99.5,0
"2015-05","Canada","Services excluding shelter services",139.3,0.65
"2015-06","Canada","Food purchased from stores",141.9,0.07
"2015-06","Canada","Shelter",133.5,0.23
"2015-06","Canada","Energy",157.5,3.35
"2015-06","Canada","Goods excluding food purchased from stores and energy",99,-0.5
"2015-06","Canada","Services excluding shelter services",139.8,0.36
"2015-07","Canada","Food purchased from stores",141.8,-0.07
"2015-07","Canada","Shelter",133.8,0.22
"2015-07","Canada","Energy",159.2,1.08
"2015-07","Canada","Goods excluding food purchased from stores and energy",98.6,-0.4
"2015-07","Canada","Services excluding shelter services",140.3,0.36
"2015-08","Canada","Food purchased from stores",141.4,-0.28
"2015-08","Canada","Shelter",133.9,0.07
"2015-08","Canada","Energy",156.1,-1.95
"2015-08","Canada","Goods excluding food purchased from stores and energy",98.7,0.1
"2015-08","Canada","Services excluding shelter services",140.7,0.29
"2015-09","Canada","Food purchased from stores",140.6,-0.57
"2015-09","Canada","Shelter",133.9,0
"2015-09","Canada","Energy",149.3,-4.36
"2015-09","Canada","Goods excluding food purchased from stores and energy",99.3,0.61
"2015-09","Canada","Services excluding shelter services",141.1,0.28
"2015-10","Canada","Food purchased from stores",141.3,0.5
"2015-10","Canada","Shelter",134.3,0.3
"2015-10","Canada","Energy",146.6,-1.81
"2015-10","Canada","Goods excluding food purchased from stores and energy",100,0.7
"2015-10","Canada","Services excluding shelter services",140.5,-0.43
"2015-11","Canada","Food purchased from stores",142.2,0.64
"2015-11","Canada","Shelter",134.4,0.07
"2015-11","Canada","Energy",146.5,-0.07
"2015-11","Canada","Goods excluding food purchased from stores and energy",100,0
"2015-11","Canada","Services excluding shelter services",139.6,-0.64
"2015-12","Canada","Food purchased from stores",143.2,0.7
"2015-12","Canada","Shelter",134.5,0.07
"2015-12","Canada","Energy",143.4,-2.12
"2015-12","Canada","Goods excluding food purchased from stores and energy",98.8,-1.2
"2015-12","Canada","Services excluding shelter services",139.2,-0.29
"2016-01","Canada","Food purchased from stores",146.1,2.03
"2016-01","Canada","Shelter",134.6,0.07
"2016-01","Canada","Energy",139,-3.07
"2016-01","Canada","Goods excluding food purchased from stores and energy",99.2,0.4
"2016-01","Canada","Services excluding shelter services",139.5,0.22
"2016-02","Canada","Food purchased from stores",146.4,0.21
"2016-02","Canada","Shelter",134.7,0.07
"2016-02","Canada","Energy",134.6,-3.17
"2016-02","Canada","Goods excluding food purchased from stores and energy",99.9,0.71
"2016-02","Canada","Services excluding shelter services",140.7,0.86
"2016-03","Canada","Food purchased from stores",145.8,-0.41
"2016-03","Canada","Shelter",134.8,0.07
"2016-03","Canada","Energy",138.1,2.6
"2016-03","Canada","Goods excluding food purchased from stores and energy",101.3,1.4
"2016-03","Canada","Services excluding shelter services",141.2,0.36
"2016-04","Canada","Food purchased from stores",144.6,-0.82
"2016-04","Canada","Shelter",134.9,0.07
"2016-04","Canada","Energy",143.4,3.84
"2016-04","Canada","Goods excluding food purchased from stores and energy",101.7,0.39
"2016-04","Canada","Services excluding shelter services",141,-0.14
"2016-05","Canada","Food purchased from stores",143.8,-0.55
"2016-05","Canada","Shelter",135.1,0.15
"2016-05","Canada","Energy",146.9,2.44
"2016-05","Canada","Goods excluding food purchased from stores and energy",101.8,0.1
"2016-05","Canada","Services excluding shelter services",142.3,0.92
"2016-06","Canada","Food purchased from stores",143.1,-0.49
"2016-06","Canada","Shelter",135.6,0.37
"2016-06","Canada","Energy",150.6,2.52
"2016-06","Canada","Goods excluding food purchased from stores and energy",101.6,-0.2
"2016-06","Canada","Services excluding shelter services",142.6,0.21
"2016-07","Canada","Food purchased from stores",143.4,0.21
"2016-07","Canada","Shelter",136,0.29
"2016-07","Canada","Energy",147.4,-2.12
"2016-07","Canada","Goods excluding food purchased from stores and energy",100.8,-0.79
"2016-07","Canada","Services excluding shelter services",143.4,0.56
"2016-08","Canada","Food purchased from stores",142,-0.98
"2016-08","Canada","Shelter",136.2,0.15
"2016-08","Canada","Energy",147,-0.27
"2016-08","Canada","Goods excluding food purchased from stores and energy",100.9,0.1
"2016-08","Canada","Services excluding shelter services",143.1,-0.21
"2016-09","Canada","Food purchased from stores",139.3,-1.9
"2016-09","Canada","Shelter",136.2,0
"2016-09","Canada","Energy",147.3,0.2
"2016-09","Canada","Goods excluding food purchased from stores and energy",101.5,0.59
"2016-09","Canada","Services excluding shelter services",143.6,0.35
"2016-10","Canada","Food purchased from stores",138.4,-0.65
"2016-10","Canada","Shelter",136.9,0.51
"2016-10","Canada","Energy",150.2,1.97
"2016-10","Canada","Goods excluding food purchased from stores and energy",102,0.49
"2016-10","Canada","Services excluding shelter services",143,-0.42
"2016-11","Canada","Food purchased from stores",139.4,0.72
"2016-11","Canada","Shelter",137.2,0.22
"2016-11","Canada","Energy",146.8,-2.26
"2016-11","Canada","Goods excluding food purchased from stores and energy",101.3,-0.69
"2016-11","Canada","Services excluding shelter services",142.2,-0.56
"2016-12","Canada","Food purchased from stores",139.2,-0.14
"2016-12","Canada","Shelter",137.3,0.07
"2016-12","Canada","Energy",149.1,1.57
"2016-12","Canada","Goods excluding food purchased from stores and energy",100.5,-0.79
"2016-12","Canada","Services excluding shelter services",141.9,-0.21
"2017-01","Canada","Food purchased from stores",140.3,0.79
"2017-01","Canada","Shelter",137.8,0.36
"2017-01","Canada","Energy",155.8,4.49
"2017-01","Canada","Goods excluding food purchased from stores and energy",101.2,0.7
"2017-01","Canada","Services excluding shelter services",143,0.78
"2017-02","Canada","Food purchased from stores",140.4,0.07
"2017-02","Canada","Shelter",137.6,-0.15
"2017-02","Canada","Energy",151.1,-3.02
"2017-02","Canada","Goods excluding food purchased from stores and energy",101.7,0.49
"2017-02","Canada","Services excluding shelter services",144,0.7
"2017-03","Canada","Food purchased from stores",140.6,0.14
"2017-03","Canada","Shelter",137.7,0.07
"2017-03","Canada","Energy",149.8,-0.86
"2017-03","Canada","Goods excluding food purchased from stores and energy",102.1,0.39
"2017-03","Canada","Services excluding shelter services",144.5,0.35
"2017-04","Canada","Food purchased from stores",140.9,0.21
"2017-04","Canada","Shelter",137.9,0.15
"2017-04","Canada","Energy",157.2,4.94
"2017-04","Canada","Goods excluding food purchased from stores and energy",101.7,-0.39
"2017-04","Canada","Services excluding shelter services",144.8,0.21
"2017-05","Canada","Food purchased from stores",142.1,0.85
"2017-05","Canada","Shelter",137.7,-0.15
"2017-05","Canada","Energy",151.8,-3.44
"2017-05","Canada","Goods excluding food purchased from stores and energy",101.5,-0.2
"2017-05","Canada","Services excluding shelter services",145.7,0.62
"2017-06","Canada","Food purchased from stores",142.6,0.35
"2017-06","Canada","Shelter",137.8,0.07
"2017-06","Canada","Energy",148.7,-2.04
"2017-06","Canada","Goods excluding food purchased from stores and energy",101.2,-0.3
"2017-06","Canada","Services excluding shelter services",146.2,0.34
"2017-07","Canada","Food purchased from stores",143.2,0.42
"2017-07","Canada","Shelter",137.7,-0.07
"2017-07","Canada","Energy",147.8,-0.61
"2017-07","Canada","Goods excluding food purchased from stores and energy",100.9,-0.3
"2017-07","Canada","Services excluding shelter services",146.6,0.27
"2017-08","Canada","Food purchased from stores",142.4,-0.56
"2017-08","Canada","Shelter",138,0.22
"2017-08","Canada","Energy",150.4,1.76
"2017-08","Canada","Goods excluding food purchased from stores and energy",100.8,-0.1
"2017-08","Canada","Services excluding shelter services",146.4,-0.14
"2017-09","Canada","Food purchased from stores",140.5,-1.33
"2017-09","Canada","Shelter",138.1,0.07
"2017-09","Canada","Energy",154.5,2.73
"2017-09","Canada","Goods excluding food purchased from stores and energy",101.2,0.4
"2017-09","Canada","Services excluding shelter services",146.5,0.07
"2017-10","Canada","Food purchased from stores",139.2,-0.93
"2017-10","Canada","Shelter",138.6,0.36
"2017-10","Canada","Energy",151.7,-1.81
"2017-10","Canada","Goods excluding food purchased from stores and energy",102.1,0.89
"2017-10","Canada","Services excluding shelter services",146.4,-0.07
"2017-11","Canada","Food purchased from stores",140.7,1.08
"2017-11","Canada","Shelter",138.9,0.22
"2017-11","Canada","Energy",157.9,4.09
"2017-11","Canada","Goods excluding food purchased from stores and energy",102.2,0.1
"2017-11","Canada","Services excluding shelter services",145.9,-0.34
"2017-12","Canada","Food purchased from stores",141.3,0.43
"2017-12","Canada","Shelter",139.2,0.22
"2017-12","Canada","Energy",155.8,-1.33
"2017-12","Canada","Goods excluding food purchased from stores and energy",101.7,-0.49
"2017-12","Canada","Services excluding shelter services",144.7,-0.82
"2018-01","Canada","Food purchased from stores",142.6,0.92
"2018-01","Canada","Shelter",139.7,0.36
"2018-01","Canada","Energy",159.5,2.37
"2018-01","Canada","Goods excluding food purchased from stores and energy",101.7,0
"2018-01","Canada","Services excluding shelter services",146.4,1.17
"2018-02","Canada","Food purchased from stores",142.3,-0.21
"2018-02","Canada","Shelter",140,0.21
"2018-02","Canada","Energy",159.1,-0.25
"2018-02","Canada","Goods excluding food purchased from stores and energy",102.6,0.88
"2018-02","Canada","Services excluding shelter services",148,1.09
"2018-03","Canada","Food purchased from stores",141.3,-0.7
"2018-03","Canada","Shelter",140,0
"2018-03","Canada","Energy",161,1.19
"2018-03","Canada","Goods excluding food purchased from stores and energy",102.9,0.29
"2018-03","Canada","Services excluding shelter services",148.9,0.61
"2018-04","Canada","Food purchased from stores",141.9,0.42
"2018-04","Canada","Shelter",140.3,0.21
"2018-04","Canada","Energy",167.1,3.79
"2018-04","Canada","Goods excluding food purchased from stores and energy",103.2,0.29
"2018-04","Canada","Services excluding shelter services",148.3,-0.4
"2018-05","Canada","Food purchased from stores",141.4,-0.35
"2018-05","Canada","Shelter",140.4,0.07
"2018-05","Canada","Energy",169.4,1.38
"2018-05","Canada","Goods excluding food purchased from stores and energy",102.3,-0.87
"2018-05","Canada","Services excluding shelter services",149.3,0.67
"2018-06","Canada","Food purchased from stores",142.7,0.92
"2018-06","Canada","Shelter",140.5,0.07
"2018-06","Canada","Energy",167.2,-1.3
"2018-06","Canada","Goods excluding food purchased from stores and energy",102.5,0.2
"2018-06","Canada","Services excluding shelter services",149.5,0.13
"2018-07","Canada","Food purchased from stores",143.3,0.42
"2018-07","Canada","Shelter",141,0.36
"2018-07","Canada","Energy",168.8,0.96
"2018-07","Canada","Goods excluding food purchased from stores and energy",101.9,-0.59
"2018-07","Canada","Services excluding shelter services",152,1.67
"2018-08","Canada","Food purchased from stores",142.8,-0.35
"2018-08","Canada","Shelter",141.2,0.14
"2018-08","Canada","Energy",167.2,-0.95
"2018-08","Canada","Goods excluding food purchased from stores and energy",102.1,0.2
"2018-08","Canada","Services excluding shelter services",151.7,-0.2
"2018-09","Canada","Food purchased from stores",141.4,-0.98
"2018-09","Canada","Shelter",141.5,0.21
"2018-09","Canada","Energy",166.3,-0.54
"2018-09","Canada","Goods excluding food purchased from stores and energy",102.2,0.1
"2018-09","Canada","Services excluding shelter services",150.2,-0.99
"2018-10","Canada","Food purchased from stores",140.7,-0.5
"2018-10","Canada","Shelter",142,0.35
"2018-10","Canada","Energy",163.7,-1.56
"2018-10","Canada","Goods excluding food purchased from stores and energy",103.3,1.08
"2018-10","Canada","Services excluding shelter services",150.6,0.27
"2018-11","Canada","Food purchased from stores",142.7,1.42
"2018-11","Canada","Shelter",142.3,0.21
"2018-11","Canada","Energy",155.8,-4.83
"2018-11","Canada","Goods excluding food purchased from stores and energy",102.8,-0.48
"2018-11","Canada","Services excluding shelter services",150.1,-0.33
"2018-12","Canada","Food purchased from stores",144.8,1.47
"2018-12","Canada","Shelter",142.3,0
"2018-12","Canada","Energy",150.1,-3.66
"2018-12","Canada","Goods excluding food purchased from stores and energy",101.9,-0.88
"2018-12","Canada","Services excluding shelter services",151.2,0.73
"2019-01","Canada","Food purchased from stores",146.1,0.9
"2019-01","Canada","Shelter",143,0.49
"2019-01","Canada","Energy",148.5,-1.07
"2019-01","Canada","Goods excluding food purchased from stores and energy",102.3,0.39
"2019-01","Canada","Services excluding shelter services",150.6,-0.4
"2019-02","Canada","Food purchased from stores",147.1,0.68
"2019-02","Canada","Shelter",143.4,0.28
"2019-02","Canada","Energy",150.1,1.08
"2019-02","Canada","Goods excluding food purchased from stores and energy",103.7,1.37
"2019-02","Canada","Services excluding shelter services",151.2,0.4
"2019-03","Canada","Food purchased from stores",147,-0.07
"2019-03","Canada","Shelter",143.8,0.28
"2019-03","Canada","Energy",159.1,6
"2019-03","Canada","Goods excluding food purchased from stores and energy",104.1,0.39
"2019-03","Canada","Services excluding shelter services",151.9,0.46
"2019-04","Canada","Food purchased from stores",146.1,-0.61
"2019-04","Canada","Shelter",144.1,0.21
"2019-04","Canada","Energy",168.2,5.72
"2019-04","Canada","Goods excluding food purchased from stores and energy",104.3,0.19
"2019-04","Canada","Services excluding shelter services",151.8,-0.07
"2019-05","Canada","Food purchased from stores",147.1,0.68
"2019-05","Canada","Shelter",144.2,0.07
"2019-05","Canada","Energy",169.2,0.59
"2019-05","Canada","Goods excluding food purchased from stores and energy",104.2,-0.1
"2019-05","Canada","Services excluding shelter services",153.7,1.25
"2019-06","Canada","Food purchased from stores",148.3,0.82
"2019-06","Canada","Shelter",144,-0.14
"2019-06","Canada","Energy",160.3,-5.26
"2019-06","Canada","Goods excluding food purchased from stores and energy",103.8,-0.38
"2019-06","Canada","Services excluding shelter services",154.3,0.39
"2019-07","Canada","Food purchased from stores",149.3,0.67
"2019-07","Canada","Shelter",144.3,0.21
"2019-07","Canada","Energy",163.4,1.93
"2019-07","Canada","Goods excluding food purchased from stores and energy",103.5,-0.29
"2019-07","Canada","Services excluding shelter services",156.1,1.17
"2019-08","Canada","Food purchased from stores",148.4,-0.6
"2019-08","Canada","Shelter",144.6,0.21
"2019-08","Canada","Energy",159.3,-2.51
"2019-08","Canada","Goods excluding food purchased from stores and energy",103.5,0
"2019-08","Canada","Services excluding shelter services",156.1,0
"2019-09","Canada","Food purchased from stores",147.2,-0.81
"2019-09","Canada","Shelter",144.8,0.14
"2019-09","Canada","Energy",158.7,-0.38
"2019-09","Canada","Goods excluding food purchased from stores and energy",104.2,0.68
"2019-09","Canada","Services excluding shelter services",153.5,-1.67
"2019-10","Canada","Food purchased from stores",146.5,-0.48
"2019-10","Canada","Shelter",145.7,0.62
"2019-10","Canada","Energy",158.9,0.13
"2019-10","Canada","Goods excluding food purchased from stores and energy",104.8,0.58
"2019-10","Canada","Services excluding shelter services",153.7,0.13
"2019-11","Canada","Food purchased from stores",148.2,1.16
"2019-11","Canada","Shelter",145.9,0.14
"2019-11","Canada","Energy",158.1,-0.5
"2019-11","Canada","Goods excluding food purchased from stores and energy",104.9,0.1
"2019-11","Canada","Services excluding shelter services",152.5,-0.78
"2019-12","Canada","Food purchased from stores",149.4,0.81
"2019-12","Canada","Shelter",146.3,0.27
"2019-12","Canada","Energy",158.3,0.13
"2019-12","Canada","Goods excluding food purchased from stores and energy",103.4,-1.43
"2019-12","Canada","Services excluding shelter services",153.5,0.66
"2020-01","Canada","Food purchased from stores",151.6,1.47
"2020-01","Canada","Shelter",146.4,0.07
"2020-01","Canada","Energy",158.6,0.19
"2020-01","Canada","Goods excluding food purchased from stores and energy",104.4,0.97
"2020-01","Canada","Services excluding shelter services",152.6,-0.59
"2020-02","Canada","Food purchased from stores",150.6,-0.66
"2020-02","Canada","Shelter",146.7,0.2
"2020-02","Canada","Energy",156.6,-1.26
"2020-02","Canada","Goods excluding food purchased from stores and energy",105.2,0.77
"2020-02","Canada","Services excluding shelter services",154.4,1.18
"2020-03","Canada","Food purchased from stores",150.5,-0.07
"2020-03","Canada","Shelter",146.5,-0.14
"2020-03","Canada","Energy",140.6,-10.22
"2020-03","Canada","Goods excluding food purchased from stores and energy",105.2,0
"2020-03","Canada","Services excluding shelter services",154.5,0.06
"2020-04","Canada","Food purchased from stores",151.9,0.93
"2020-04","Canada","Shelter",146,-0.34
"2020-04","Canada","Energy",128.3,-8.75
"2020-04","Canada","Goods excluding food purchased from stores and energy",104.3,-0.86
"2020-04","Canada","Services excluding shelter services",154.5,0
"2020-05","Canada","Food purchased from stores",152.3,0.26
"2020-05","Canada","Shelter",145.6,-0.27
"2020-05","Canada","Energy",137,6.78
"2020-05","Canada","Goods excluding food purchased from stores and energy",103.8,-0.48
"2020-05","Canada","Services excluding shelter services",154.8,0.19
"2020-06","Canada","Food purchased from stores",152.8,0.33
"2020-06","Canada","Shelter",146.4,0.55
"2020-06","Canada","Energy",146.2,6.72
"2020-06","Canada","Goods excluding food purchased from stores and energy",104.3,0.48
"2020-06","Canada","Services excluding shelter services",155.5,0.45
"2020-07","Canada","Food purchased from stores",152.9,0.07
"2020-07","Canada","Shelter",146.4,0
"2020-07","Canada","Energy",149.7,2.39
"2020-07","Canada","Goods excluding food purchased from stores and energy",104.2,-0.1
"2020-07","Canada","Services excluding shelter services",155.4,-0.06
"2020-08","Canada","Food purchased from stores",150.8,-1.37
"2020-08","Canada","Shelter",146.8,0.27
"2020-08","Canada","Energy",149.3,-0.27
"2020-08","Canada","Goods excluding food purchased from stores and energy",104.1,-0.1
"2020-08","Canada","Services excluding shelter services",155.2,-0.13
"2020-09","Canada","Food purchased from stores",149.1,-1.13
"2020-09","Canada","Shelter",147.3,0.34
"2020-09","Canada","Energy",149.8,0.33
"2020-09","Canada","Goods excluding food purchased from stores and energy",104.3,0.19
"2020-09","Canada","Services excluding shelter services",154.8,-0.26
"2020-10","Canada","Food purchased from stores",149.9,0.54
"2020-10","Canada","Shelter",148.3,0.68
"2020-10","Canada","Energy",149.4,-0.27
"2020-10","Canada","Goods excluding food purchased from stores and energy",105.1,0.77
"2020-10","Canada","Services excluding shelter services",154.8,0
"2020-11","Canada","Food purchased from stores",150.6,0.47
"2020-11","Canada","Shelter",148.7,0.27
"2020-11","Canada","Energy",149.1,-0.2
"2020-11","Canada","Goods excluding food purchased from stores and energy",105.4,0.29
"2020-11","Canada","Services excluding shelter services",154.9,0.06
"2020-12","Canada","Food purchased from stores",150.2,-0.27
"2020-12","Canada","Shelter",148.7,0
"2020-12","Canada","Energy",152,1.95
"2020-12","Canada","Goods excluding food purchased from stores and energy",104.1,-1.23
"2020-12","Canada","Services excluding shelter services",155,0.06
"2021-01","Canada","Food purchased from stores",151.7,1
"2021-01","Canada","Shelter",148.4,-0.2
"2021-01","Canada","Energy",154.3,1.51
"2021-01","Canada","Goods excluding food purchased from stores and energy",105.1,0.96
"2021-01","Canada","Services excluding shelter services",155.7,0.45
"2021-02","Canada","Food purchased from stores",152.6,0.59
"2021-02","Canada","Shelter",148.8,0.27
"2021-02","Canada","Energy",160.4,3.95
"2021-02","Canada","Goods excluding food purchased from stores and energy",105.8,0.67
"2021-02","Canada","Services excluding shelter services",155.6,-0.06
"2021-03","Canada","Food purchased from stores",152.5,-0.07
"2021-03","Canada","Shelter",150,0.81
"2021-03","Canada","Energy",167.4,4.36
"2021-03","Canada","Goods excluding food purchased from stores and energy",106,0.19
"2021-03","Canada","Services excluding shelter services",155.4,-0.13
"2021-04","Canada","Food purchased from stores",152,-0.33
"2021-04","Canada","Shelter",150.7,0.47
"2021-04","Canada","Energy",170.2,1.67
"2021-04","Canada","Goods excluding food purchased from stores and energy",106.6,0.57
"2021-04","Canada","Services excluding shelter services",156.4,0.64
"2021-05","Canada","Food purchased from stores",153.6,1.05
"2021-05","Canada","Shelter",151.7,0.66
"2021-05","Canada","Energy",173.2,1.76
"2021-05","Canada","Goods excluding food purchased from stores and energy",107.2,0.56
"2021-05","Canada","Services excluding shelter services",156.3,-0.06
"2021-06","Canada","Food purchased from stores",153.8,0.13
"2021-06","Canada","Shelter",152.8,0.73
"2021-06","Canada","Energy",174.7,0.87
"2021-06","Canada","Goods excluding food purchased from stores and energy",107.2,0
"2021-07","Canada","Food purchased from stores",154.4,0.39
"2021-07","Canada","Shelter",153.5,0.46
"2021-07","Canada","Energy",179.2,2.58
"2021-07","Canada","Goods excluding food purchased from stores and energy",107.7,0.47
"2021-08","Canada","Food purchased from stores",154.7,0.19
"2021-08","Canada","Shelter",153.9,0.26
"2021-08","Canada","Energy",180.2,0.56
"2021-08","Canada","Goods excluding food purchased from stores and energy",108,0.28
"2021-09","Canada","Food purchased from stores",155.4,0.45
"2021-09","Canada","Shelter",154.4,0.32
"2021-09","Canada","Energy",179.9,-0.17
"2021-09","Canada","Goods excluding food purchased from stores and energy",108,0
"2021-10","Canada","Food purchased from stores",155.8,0.26
"2021-10","Canada","Shelter",155.4,0.65
"2021-10","Canada","Energy",187.5,4.22
"2021-10","Canada","Goods excluding food purchased from stores and energy",108.8,0.74
"2021-11","Canada","Food purchased from stores",157.7,1.22
"2021-11","Canada","Shelter",155.9,0.32
"2021-11","Canada","Energy",188.4,0.48
"2021-11","Canada","Goods excluding food purchased from stores and energy",109.1,0.28
"2021-12","Canada","Food purchased from stores",158.8,0.7
"2021-12","Canada","Shelter",156.8,0.58
"2021-12","Canada","Energy",184.2,-2.23
"2021-12","Canada","Goods excluding food purchased from stores and energy",108.2,-0.82
"2022-01","Canada","Food purchased from stores",161.5,1.7
"2022-01","Canada","Shelter",157.6,0.51
"2022-01","Canada","Energy",190,3.15
"2022-01","Canada","Goods excluding food purchased from stores and energy",109.3,1.02
"2022-02","Canada","Food purchased from stores",163.9,1.49
"2022-02","Canada","Shelter",158.6,0.63
"2022-02","Canada","Energy",199,4.74
"2022-02","Canada","Goods excluding food purchased from stores and energy",110.1,0.73
"2022-03","Canada","Food purchased from stores",165.7,1.1
"2022-03","Canada","Shelter",160.2,1.01
"2022-03","Canada","Energy",213.9,7.49
"2022-03","Canada","Goods excluding food purchased from stores and energy",111.7,1.45
"2022-04","Canada","Food purchased from stores",166.8,0.66
"2022-04","Canada","Shelter",161.9,1.06
"2022-04","Canada","Energy",215.1,0.56
"2022-04","Canada","Goods excluding food purchased from stores and energy",112,0.27
"2022-05","Canada","Food purchased from stores",168.5,1.02
"2022-05","Canada","Shelter",163,0.68
"2022-05","Canada","Energy",233.4,8.51
"2022-05","Canada","Goods excluding food purchased from stores and energy",113,0.89
"2022-06","Canada","Food purchased from stores",168.3,-0.12
"2022-06","Canada","Shelter",163.6,0.37
"2022-06","Canada","Energy",242.5,3.9
"2022-06","Canada","Goods excluding food purchased from stores and energy",113.4,0.35
"2022-07","Canada","Food purchased from stores",169.7,0.83
"2022-07","Canada","Shelter",164.2,0.37
"2022-07","Canada","Energy",229.4,-5.4
"2022-07","Canada","Goods excluding food purchased from stores and energy",113.6,0.18
"2022-08","Canada","Food purchased from stores",171.4,1
"2022-08","Canada","Shelter",164.1,-0.06
"2022-08","Canada","Energy",214.5,-6.5
"2022-08","Canada","Goods excluding food purchased from stores and energy",113.6,0
"2022-09","Canada","Food purchased from stores",173.1,0.99
"2022-09","Canada","Shelter",164.9,0.49
"2022-09","Canada","Energy",205.1,-4.38
"2022-09","Canada","Goods excluding food purchased from stores and energy",114.1,0.44
"2022-10","Canada","Food purchased from stores",173,-0.06
"2022-10","Canada","Shelter",166.2,0.79
"2022-10","Canada","Energy",217.9,6.24
"2022-10","Canada","Goods excluding food purchased from stores and energy",114.8,0.61
"2022-11","Canada","Food purchased from stores",175.7,1.56
"2022-11","Canada","Shelter",167.2,0.6
"2022-11","Canada","Energy",214.6,-1.51
"2022-11","Canada","Goods excluding food purchased from stores and energy",114.9,0.09
"2022-12","Canada","Food purchased from stores",176.3,0.34
"2022-12","Canada","Shelter",167.8,0.36
"2022-12","Canada","Energy",197.7,-7.88
"2022-12","Canada","Goods excluding food purchased from stores and energy",113.8,-0.96
"2023-01","Canada","Food purchased from stores",179.9,2.04
"2023-01","Canada","Shelter",168,0.12
"2023-01","Canada","Energy",200.3,1.32
"2023-01","Canada","Goods excluding food purchased from stores and energy",114.4,0.53
"2023-02","Canada","Food purchased from stores",181.2,0.72
"2023-02","Canada","Shelter",168.3,0.18
"2023-02","Canada","Energy",197.9,-1.2
"2023-02","Canada","Goods excluding food purchased from stores and energy",115.2,0.7
"2023-03","Canada","Food purchased from stores",181.7,0.28
"2023-03","Canada","Shelter",168.9,0.36
"2023-03","Canada","Energy",199.2,0.66
"2023-03","Canada","Goods excluding food purchased from stores and energy",116.1,0.78
"2023-04","Canada","Food purchased from stores",182,0.17
"2023-04","Canada","Shelter",169.9,0.59
"2023-04","Canada","Energy",206,3.41
"2023-04","Canada","Goods excluding food purchased from stores and energy",116.6,0.43
"2023-05","Canada","Food purchased from stores",183.7,0.93
"2023-05","Canada","Shelter",170.6,0.41
"2023-05","Canada","Energy",204.4,-0.78
"2023-05","Canada","Goods excluding food purchased from stores and energy",116.7,0.09
"2023-06","Canada","Food purchased from stores",183.6,-0.05
"2023-06","Canada","Shelter",171.4,0.47
"2023-06","Canada","Energy",207.2,1.37
"2023-06","Canada","Goods excluding food purchased from stores and energy",116.8,0.09
"2023-07","Canada","Food purchased from stores",184.1,0.27
"2023-07","Canada","Shelter",172.6,0.7
"2023-07","Canada","Energy",210.7,1.69
"2023-07","Canada","Goods excluding food purchased from stores and energy",116.6,-0.17
"2023-08","Canada","Food purchased from stores",183.3,-0.43
"2023-08","Canada","Shelter",174,0.81
"2023-08","Canada","Energy",218.4,3.65
"2023-08","Canada","Goods excluding food purchased from stores and energy",116.9,0.26
"2023-09","Canada","Food purchased from stores",183.1,-0.11
"2023-09","Canada","Shelter",174.8,0.46
"2023-09","Canada","Energy",216.2,-1.01
"2023-09","Canada","Goods excluding food purchased from stores and energy",116.8,-0.09
"2023-10","Canada","Food purchased from stores",182.4,-0.38
"2023-10","Canada","Shelter",176.3,0.86
"2023-10","Canada","Energy",206.2,-4.63
"2023-10","Canada","Goods excluding food purchased from stores and energy",116.8,0
"2023-11","Canada","Food purchased from stores",183.9,0.82
"2023-11","Canada","Shelter",177.1,0.45
"2023-11","Canada","Energy",202.3,-1.89
"2023-11","Canada","Goods excluding food purchased from stores and energy",117,0.17
"2023-12","Canada","Food purchased from stores",184.5,0.33
"2023-12","Canada","Shelter",177.8,0.4
"2023-12","Canada","Energy",197,-2.62
"2023-12","Canada","Goods excluding food purchased from stores and energy",116.3,-0.6
